name	patterns	positions	class
chr1:999618-999814	NA	NA	NA
chr1:1948456-1948567	NA	NA	NA
chr1:2165564-2165782	NA	NA	NA
chr1:2186882-2187325	NA	NA	NA
chr1:2187420-2187791	GAATAGA	186 192	cf
chr1:2323035-2323189	NA	NA	NA
chr1:2517283-2517447	AGATAAA,GAATAGA	120 126,105 111	cf,cf
chr1:3229783-3229999	NA	NA	NA
chr1:6419325-6419504	NA	NA	NA
chr1:6995476-6995732	GAATAGA	91 97	cf
chr1:9458058-9458501	NA	NA	NA
chr1:9460065-9460270	NA	NA	NA
chr1:9461963-9462293	NA	NA	NA
chr1:10699037-10699224	NA	NA	NA
chr1:10964735-10964921	NA	NA	NA
chr1:11333197-11333386	NA	NA	NA
chr1:11518948-11519098	AGATAAA	89 95	ff
chr1:12221967-12222178	AGATAAG	142 148	ff
chr1:12655924-12656285	NA	NA	NA
chr1:12664466-12664676	NA	NA	NA
chr1:15505718-15505911	NA	NA	NA
chr1:15545061-15545256	AGATAAG	63 69	ff
chr1:16002201-16002473	NA	NA	NA
chr1:16279313-16279536	NA	NA	NA
chr1:16471830-16472042	NA	NA	NA
chr1:16502449-16502622	NA	NA	NA
chr1:16939898-16940261	NA	NA	NA
chr1:17023005-17023186	NA	NA	NA
chr1:17311319-17311520	NA	NA	NA
chr1:17878354-17878691	NA	NA	NA
chr1:19282817-19283089	NA	NA	NA
chr1:19639124-19639321	NA	NA	NA
chr1:19764447-19764732	NA	NA	NA
chr1:19775521-19775773	NA	NA	NA
chr1:19803347-19803572	GAATAGA	181 187	cf
chr1:19941345-19941435	NA	NA	NA
chr1:19970678-19970954	NA	NA	NA
chr1:20820841-20821042	NA	NA	NA
chr1:21651100-21651312	AGATAAG	165 171	ff
chr1:22231563-22231822	NA	NA	NA
chr1:22232755-22233063	NA	NA	NA
chr1:22265432-22265608	NA	NA	NA
chr1:22301191-22301449	CGATAAA,GAATAGC	242 248,89 95	cf,cf
chr1:22912990-22913176	NA	NA	NA
chr1:23496239-23496390	NA	NA	NA
chr1:23504280-23504496	NA	NA	NA
chr1:23880956-23881713	NA	NA	NA
chr1:23907650-23908001	NA	NA	NA
chr1:24070280-24070513	NA	NA	NA
chr1:25046614-25046930	NA	NA	NA
chr1:25057153-25057358	NA	NA	NA
chr1:25983786-25983931	NA	NA	NA
chr1:26868458-26868646	AAATAGA	166 172	cf
chr1:27438577-27439044	CGATAAG	141 147	cf
chr1:27817104-27817260	NA	NA	NA
chr1:27901972-27902229	NA	NA	NA
chr1:29211425-29211720	NA	NA	NA
chr1:30181265-30181494	NA	NA	NA
chr1:31867590-31867971	NA	NA	NA
chr1:32817187-32817463	NA	NA	NA
chr1:36626415-36626676	NA	NA	NA
chr1:37271941-37272212	NA	NA	NA
chr1:38465717-38465909	NA	NA	NA
chr1:39193838-39194024	AGATAAA	14 20	ff
chr1:39598765-39598925	NA	NA	NA
chr1:41250634-41250879	NA	NA	NA
chr1:41341411-41341745	AAATAGG	250 256	fr
chr1:41479605-41479893	NA	NA	NA
chr1:44502304-44502535	NA	NA	NA
chr1:45140131-45140331	NA	NA	NA
chr1:45273446-45273653	NA	NA	NA
chr1:45476911-45477081	NA	NA	NA
chr1:47697878-47698127	AGATAAG,CGATAAG	159 165,191 197	ff,ff
chr1:52014781-52014936	NA	NA	NA
chr1:54940474-54940709	NA	NA	NA
chr1:55798674-55798923	NA	NA	NA
chr1:55868882-55869063	AGATAAA	36 42	cf
chr1:59349628-59349801	GAATAGA	87 93	cf
chr1:59364598-59364926	NA	NA	NA
chr1:61548569-61548685	NA	NA	NA
chr1:61901787-61902056	NA	NA	NA
chr1:65468270-65468499	NA	NA	NA
chr1:68202007-68202336	NA	NA	NA
chr1:70820494-70820626	NA	NA	NA
chr1:78328775-78328987	NA	NA	NA
chr1:83170252-83170418	GAATAGA	57 63	cf
chr1:85930288-85930519	NA	NA	NA
chr1:90228326-90228603	NA	NA	NA
chr1:91852768-91853187	AAATAGA	4 10	fr
chr1:92783502-92783626	AGATAAG	113 119	cf
chr1:93811339-93811574	NA	NA	NA
chr1:94282512-94282815	NA	NA	NA
chr1:94504170-94504397	NA	NA	NA
chr1:94730740-94730995	NA	NA	NA
chr1:101628772-101628889	NA	NA	NA
chr1:107961734-107961917	NA	NA	NA
chr1:109359082-109359278	NA	NA	NA
chr1:110333427-110333671	NA	NA	NA
chr1:113161561-113161947	NA	NA	NA
chr1:113601757-113602058	GGATAAG	65 71	cf
chr1:117239948-117240029	NA	NA	NA
chr1:144534048-144534195	NA	NA	NA
chr1:145039909-145040203	NA	NA	NA
chr1:147266767-147267007	NA	NA	NA
chr1:147720254-147720568	NA	NA	NA
chr1:150337099-150337293	NA	NA	NA
chr1:151820628-151820955	AAATAGG	288 294	fr
chr1:151821168-151821372	AGATAAG	75 81	ff
chr1:154457650-154457911	CGATAAG	33 39	cf
chr1:154469507-154469806	GAATAGA	109 115	cf
chr1:154531254-154531524	NA	NA	NA
chr1:155139320-155139576	NA	NA	NA
chr1:155940323-155940638	NA	NA	NA
chr1:155951261-155951542	NA	NA	NA
chr1:156066946-156067275	NA	NA	NA
chr1:156510785-156511046	NA	NA	NA
chr1:156630046-156630271	NA	NA	NA
chr1:156631245-156631404	NA	NA	NA
chr1:156867990-156868420	NA	NA	NA
chr1:158025769-158025966	NA	NA	NA
chr1:159880247-159880452	AGATAAG	119 125	ff
chr1:160983542-160983935	NA	NA	NA
chr1:161102281-161102567	NA	NA	NA
chr1:164681461-164681748	GAATAGC	220 226	cf
chr1:170043597-170043865	NA	NA	NA
chr1:173684372-173684509	NA	NA	NA
chr1:173839524-173839710	GGATAAA	3 9	cf
chr1:175505636-175505857	NA	NA	NA
chr1:177458978-177459092	NA	NA	NA
chr1:177945390-177945507	NA	NA	NA
chr1:181122090-181122456	GAATAGA	176 182	cf
chr1:185014405-185014606	NA	NA	NA
chr1:186917701-186917986	GAATAGG	68 74	fr
chr1:200045409-200045539	NA	NA	NA
chr1:203619510-203619681	NA	NA	NA
chr1:204386328-204386507	NA	NA	NA
chr1:204430797-204431065	GAATAGA	168 174	cf
chr1:204941152-204941374	NA	NA	NA
chr1:205254014-205254199	NA	NA	NA
chr1:205568483-205568749	NA	NA	NA
chr1:205670132-205670304	NA	NA	NA
chr1:207979284-207979455	NA	NA	NA
chr1:208026736-208026981	NA	NA	NA
chr1:208063691-208063963	NA	NA	NA
chr1:208097042-208097279	AGATAAG	83 89	ff
chr1:210062449-210062612	NA	NA	NA
chr1:211848818-211849039	NA	NA	NA
chr1:212809119-212809287	NA	NA	NA
chr1:212810042-212810339	NA	NA	NA
chr1:214150813-214151090	AGATAAG	92 98	ff
chr1:214578265-214578488	NA	NA	NA
chr1:224691272-224691583	GAATAGG	51 57	cf
chr1:226187043-226187463	AGATAAG,CGATAAG	174 180,292 298	ff,ff
chr1:226838069-226838336	GAATAGA	113 119	cf
chr1:227545120-227545422	NA	NA	NA
chr1:227619625-227619807	NA	NA	NA
chr1:228133417-228133632	NA	NA	NA
chr1:228134066-228134354	NA	NA	NA
chr1:228444678-228444893	NA	NA	NA
chr1:230560168-230560335	NA	NA	NA
chr1:231041589-231041826	NA	NA	NA
chr1:231164473-231164636	NA	NA	NA
chr1:231297942-231298224	NA	NA	NA
chr1:231328623-231328867	NA	NA	NA
chr1:234853692-234853808	NA	NA	NA
chr1:234879658-234880036	GGATAAA	97 103	ff
chr1:245255176-245255366	AGATAAG	135 141	cf
chr1:246981238-246981344	NA	NA	NA
chr1:248448583-248448681	NA	NA	NA
chr1:249108677-249108775	NA	NA	NA
chr10:3849382-3849632	NA	NA	NA
chr10:5987801-5987939	NA	NA	NA
chr10:6764195-6764508	GGATAAA	170 176	ff
chr10:7974255-7974499	NA	NA	NA
chr10:11716092-11716310	NA	NA	NA
chr10:12749472-12749654	AAATAGA	122 128	fr
chr10:13926119-13926256	NA	NA	NA
chr10:14032499-14032738	NA	NA	NA
chr10:14824705-14825120	CGATAAG,AGATAAG	24 30,340 346	ff,ff
chr10:16563167-16563490	NA	NA	NA
chr10:17010486-17010664	NA	NA	NA
chr10:17038312-17038487	AAATAGA	79 85	cf
chr10:22292638-22292868	NA	NA	NA
chr10:22833302-22833562	NA	NA	NA
chr10:25382101-25382278	NA	NA	NA
chr10:29420988-29421163	NA	NA	NA
chr10:30317187-30317359	NA	NA	NA
chr10:30338157-30338425	AAATAGA	66 72	fr
chr10:31676116-31676252	NA	NA	NA
chr10:31986439-31986756	NA	NA	NA
chr10:33553316-33553487	CGATAAA	90 96	ff
chr10:35668185-35668421	NA	NA	NA
chr10:42404346-42404480	AAATAGC	120 126	fr
chr10:44353089-44353322	AAATAGA	84 90	cf
chr10:45454632-45454839	AAATAGC	75 81	fr
chr10:45491545-45491856	AAATAGA,GAATAGG	53 59,118 124	fr,cf
chr10:45491878-45492019	NA	NA	NA
chr10:45966159-45966317	AGATAAA	71 77	ff
chr10:47129311-47129619	GAATAGA	116 122	cf
chr10:49678225-49678470	AGATAAG	157 163	ff
chr10:50136412-50136504	NA	NA	NA
chr10:69893294-69893590	NA	NA	NA
chr10:71589663-71589830	NA	NA	NA
chr10:72268624-72268991	GGATAAA	202 208	cf
chr10:73000250-73000486	NA	NA	NA
chr10:74079198-74079554	NA	NA	NA
chr10:74080548-74080840	GGATAAG	76 82	ff
chr10:75831064-75831309	NA	NA	NA
chr10:80063078-80063302	NA	NA	NA
chr10:80697922-80698149	NA	NA	NA
chr10:80723455-80723674	NA	NA	NA
chr10:80908244-80908510	NA	NA	NA
chr10:81085988-81086297	NA	NA	NA
chr10:82171073-82171302	GGATAAA,CGATAAG	201 207,136 142	ff,cf
chr10:82257449-82257684	NA	NA	NA
chr10:82269744-82269927	GAATAGA	73 79	cf
chr10:82417789-82418065	NA	NA	NA
chr10:86284872-86285127	AGATAAG,AGATAAG	67 73,120 126	ff,ff
chr10:88281853-88282153	NA	NA	NA
chr10:94450158-94450758	AAATAGC	493 499	cf
chr10:94516094-94516231	NA	NA	NA
chr10:94828815-94828984	NA	NA	NA
chr10:95225518-95225845	NA	NA	NA
chr10:97501703-97501918	NA	NA	NA
chr10:99277834-99278189	NA	NA	NA
chr10:99302948-99303151	NA	NA	NA
chr10:102308680-102308898	NA	NA	NA
chr10:103124574-103124706	GGATAAG,AGATAAA	94 100,120 126	cf,cf
chr10:104359348-104360023	GAATAGC,GAATAGA	637 643,286 292	fr,cf
chr10:105572298-105572517	NA	NA	NA
chr10:111683118-111683267	NA	NA	NA
chr10:116445297-116445407	NA	NA	NA
chr10:120173912-120174047	NA	NA	NA
chr10:121030620-121030849	NA	NA	NA
chr10:121030852-121031089	NA	NA	NA
chr10:121065770-121065945	CGATAAA	81 87	ff
chr10:121161419-121161645	NA	NA	NA
chr10:121169398-121169737	NA	NA	NA
chr10:122401310-122401550	AGATAAG	149 155	ff
chr10:123900440-123900680	NA	NA	NA
chr10:124233968-124234272	NA	NA	NA
chr10:127738359-127738662	NA	NA	NA
chr10:127751161-127751313	NA	NA	NA
chr10:134937851-134938072	NA	NA	NA
chr10:135133015-135133120	NA	NA	NA
chr11:805295-805579	NA	NA	NA
chr11:829111-829464	NA	NA	NA
chr11:842787-843157	NA	NA	NA
chr11:843896-844216	NA	NA	NA
chr11:931580-931697	NA	NA	NA
chr11:2130786-2130976	NA	NA	NA
chr11:2177619-2177808	NA	NA	NA
chr11:3190598-3190807	NA	NA	NA
chr11:5646371-5646571	AGATAAA	176 182	cf
chr11:6628114-6628363	CGATAAA	67 73	cf
chr11:6656768-6657044	NA	NA	NA
chr11:6845207-6845371	NA	NA	NA
chr11:8227937-8228209	CGATAAG	164 170	ff
chr11:9780303-9780643	CGATAAG	297 303	ff
chr11:10772468-10772789	NA	NA	NA
chr11:11268389-11268663	NA	NA	NA
chr11:11568709-11568839	NA	NA	NA
chr11:11998940-11999206	NA	NA	NA
chr11:12188846-12189072	NA	NA	NA
chr11:12222747-12223048	AGATAAG	212 218	ff
chr11:12714324-12714544	NA	NA	NA
chr11:13132519-13132738	AGATAAG,CGATAAG	126 132,133 139	ff,ff
chr11:14443922-14444249	GAATAGC	141 147	fr
chr11:19479449-19479644	GAATAGG	31 37	fr
chr11:22851570-22851676	NA	NA	NA
chr11:27237298-27237531	NA	NA	NA
chr11:27303917-27304077	AAATAGA	74 80	fr
chr11:28129757-28130022	NA	NA	NA
chr11:34460120-34460252	NA	NA	NA
chr11:34831280-34831418	AGATAAG	69 75	ff
chr11:36171148-36171522	NA	NA	NA
chr11:43167710-43167899	GGATAAG	122 128	cf
chr11:44590782-44591118	AGATAAG	250 256	ff
chr11:44845992-44846206	AGATAAA	182 188	ff
chr11:44976768-44977043	GAATAGA	131 137	cf
chr11:45047784-45048009	NA	NA	NA
chr11:47416300-47416604	NA	NA	NA
chr11:47429841-47430076	NA	NA	NA
chr11:51579520-51579669	NA	NA	NA
chr11:56978316-56978482	NA	NA	NA
chr11:57078798-57079087	NA	NA	NA
chr11:57192305-57192439	NA	NA	NA
chr11:58345063-58345288	NA	NA	NA
chr11:59474372-59474673	NA	NA	NA
chr11:61602014-61602373	AGATAAA	94 100	cf
chr11:62308249-62308485	NA	NA	NA
chr11:62785268-62785393	NA	NA	NA
chr11:63381182-63381365	NA	NA	NA
chr11:63536871-63537264	NA	NA	NA
chr11:63769662-63769907	NA	NA	NA
chr11:64029274-64029407	NA	NA	NA
chr11:64030523-64030731	NA	NA	NA
chr11:64622567-64622781	NA	NA	NA
chr11:64636692-64636920	NA	NA	NA
chr11:64638185-64638346	NA	NA	NA
chr11:64936659-64936801	NA	NA	NA
chr11:65149385-65149633	NA	NA	NA
chr11:65186077-65186346	NA	NA	NA
chr11:65189529-65189747	NA	NA	NA
chr11:65239576-65239870	AGATAAA,CGATAAA,GAATAGG	261 267,183 189,36 42	ff,cf,cf
chr11:65244924-65245187	NA	NA	NA
chr11:65328047-65328201	NA	NA	NA
chr11:65405945-65406137	NA	NA	NA
chr11:65659294-65659419	NA	NA	NA
chr11:65695571-65695752	NA	NA	NA
chr11:68098951-68099204	AAATAGA	109 115	cf
chr11:68270813-68270984	NA	NA	NA
chr11:68516603-68516849	NA	NA	NA
chr11:69064844-69065068	NA	NA	NA
chr11:69167587-69167843	NA	NA	NA
chr11:69263990-69264398	AAATAGC	216 222	fr
chr11:69264455-69264739	AGATAAG	239 245	ff
chr11:69309265-69309413	NA	NA	NA
chr11:69515490-69515719	NA	NA	NA
chr11:69715397-69715614	GGATAAA	164 170	cf
chr11:70005650-70005877	NA	NA	NA
chr11:71639896-71640121	NA	NA	NA
chr11:71811680-71811805	NA	NA	NA
chr11:72343530-72343791	AGATAAG,AAATAGG	130 136,159 165	ff,cf
chr11:72853816-72854090	NA	NA	NA
chr11:73032849-73033234	NA	NA	NA
chr11:74854183-74854400	NA	NA	NA
chr11:75004110-75004232	NA	NA	NA
chr11:75051180-75051384	CGATAAA	8 14	cf
chr11:75059179-75059294	NA	NA	NA
chr11:75062929-75063097	NA	NA	NA
chr11:75117387-75117571	NA	NA	NA
chr11:75174457-75174664	GAATAGA	147 153	cf
chr11:75265383-75265759	NA	NA	NA
chr11:76290231-76290423	AAATAGC	180 186	fr
chr11:76299612-76299827	NA	NA	NA
chr11:76341328-76341539	NA	NA	NA
chr11:76382052-76382256	NA	NA	NA
chr11:76411650-76411841	NA	NA	NA
chr11:76784442-76784615	NA	NA	NA
chr11:80701205-80701324	NA	NA	NA
chr11:82600526-82600859	AGATAAG,GAATAGA	257 263,253 259	ff,fr
chr11:82719005-82719258	NA	NA	NA
chr11:82868020-82868248	NA	NA	NA
chr11:82997162-82997515	NA	NA	NA
chr11:85885140-85885402	NA	NA	NA
chr11:86666281-86666512	NA	NA	NA
chr11:92646747-92646956	NA	NA	NA
chr11:94659842-94660088	NA	NA	NA
chr11:101754700-101754790	NA	NA	NA
chr11:103495840-103496059	NA	NA	NA
chr11:112126229-112126416	NA	NA	NA
chr11:114090827-114091019	CGATAAG	159 165	cf
chr11:117694846-117695078	NA	NA	NA
chr11:117815877-117816053	NA	NA	NA
chr11:117843531-117843710	NA	NA	NA
chr11:119517750-119517905	NA	NA	NA
chr11:123461094-123461326	NA	NA	NA
chr11:123499997-123500335	GAATAGA	211 217	cf
chr11:124618382-124618633	NA	NA	NA
chr11:124629493-124629927	NA	NA	NA
chr11:126023925-126024154	NA	NA	NA
chr11:128065132-128065305	NA	NA	NA
chr11:128212843-128213063	NA	NA	NA
chr11:128418558-128418851	NA	NA	NA
chr11:128547983-128548256	AGATAAG	202 208	ff
chr11:128563583-128563779	GAATAGA	72 78	cf
chr11:128705967-128706180	AAATAGA	74 80	cf
chr11:130767213-130767387	NA	NA	NA
chr11:134123743-134123848	NA	NA	NA
chr12:1917870-1917980	NA	NA	NA
chr12:2943880-2944076	NA	NA	NA
chr12:3232033-3232415	NA	NA	NA
chr12:6277053-6277333	NA	NA	NA
chr12:6280825-6281229	NA	NA	NA
chr12:6748368-6748536	AGATAAG	114 120	ff
chr12:7302988-7303269	NA	NA	NA
chr12:10794448-10794693	NA	NA	NA
chr12:11877936-11878102	AAATAGC,GAATAGA	16 22,140 146	cf,cf
chr12:13253929-13254102	NA	NA	NA
chr12:19728783-19728996	NA	NA	NA
chr12:19836675-19836840	NA	NA	NA
chr12:20704341-20704544	NA	NA	NA
chr12:21590508-21590802	NA	NA	NA
chr12:23237740-23237879	NA	NA	NA
chr12:26267442-26267592	NA	NA	NA
chr12:32184132-32184305	AGATAAG	52 58	ff
chr12:34846300-34846372	NA	NA	NA
chr12:38447025-38447209	NA	NA	NA
chr12:38710431-38710637	NA	NA	NA
chr12:42538530-42538826	NA	NA	NA
chr12:45667709-45667804	GAATAGA	31 37	cf
chr12:48210425-48210679	NA	NA	NA
chr12:49078195-49078318	NA	NA	NA
chr12:50056791-50057012	NA	NA	NA
chr12:50099390-50099634	NA	NA	NA
chr12:50262875-50263431	AGATAAG	244 250	ff
chr12:50444601-50444830	AGATAAA,AGATAAG	67 73,131 137	ff,ff
chr12:51477080-51477251	NA	NA	NA
chr12:51762717-51762965	NA	NA	NA
chr12:52319899-52320082	NA	NA	NA
chr12:52417151-52417345	NA	NA	NA
chr12:52520711-52520951	NA	NA	NA
chr12:52609379-52609628	NA	NA	NA
chr12:53318975-53319175	GAATAGC,GAATAGA	114 120,98 104	fr,cf
chr12:80238702-80238827	NA	NA	NA
chr12:96588127-96588311	NA	NA	NA
chr12:96648913-96649232	NA	NA	NA
chr12:96821069-96821269	NA	NA	NA
chr12:96839631-96839798	NA	NA	NA
chr12:98833898-98834095	AGATAAG	112 118	ff
chr12:104200724-104200887	NA	NA	NA
chr12:105839537-105839671	NA	NA	NA
chr12:108429518-108429653	NA	NA	NA
chr12:108530414-108530591	GAATAGA	27 33	cf
chr12:108699740-108700000	NA	NA	NA
chr12:109085443-109085679	NA	NA	NA
chr12:109093908-109094106	NA	NA	NA
chr12:109128587-109128664	NA	NA	NA
chr12:110318165-110318325	NA	NA	NA
chr12:110462308-110462535	NA	NA	NA
chr12:111834928-111835249	NA	NA	NA
chr12:111847512-111848019	NA	NA	NA
chr12:111848333-111848584	NA	NA	NA
chr12:111875745-111875884	CGATAAG	78 84	ff
chr12:111883826-111884187	GAATAGA	37 43	cf
chr12:112179294-112179462	GAATAGA	100 106	cf
chr12:120678313-120678653	NA	NA	NA
chr12:120679308-120679680	NA	NA	NA
chr12:120680091-120680448	AGATAAA,AAATAGA	298 304,73 79	ff,fr
chr12:121642690-121642821	NA	NA	NA
chr12:124118134-124118388	NA	NA	NA
chr12:124907700-124908060	NA	NA	NA
chr12:124964067-124964163	NA	NA	NA
chr12:125004587-125004776	NA	NA	NA
chr12:125110825-125111175	NA	NA	NA
chr12:125230405-125230609	NA	NA	NA
chr12:127650840-127651022	NA	NA	NA
chr12:129618653-129618767	NA	NA	NA
chr12:132434305-132434561	NA	NA	NA
chr12:132808789-132809001	NA	NA	NA
chr13:24182955-24183195	NA	NA	NA
chr13:27557196-27557341	AAATAGA	51 57	cf
chr13:28982698-28983018	AGATAAG	157 163	ff
chr13:29106741-29107109	CGATAAA	328 334	ff
chr13:32717122-32717324	NA	NA	NA
chr13:40360332-40360655	AGATAAA,GAATAGC	122 128,94 100	ff,fr
chr13:40977223-40977400	NA	NA	NA
chr13:41132907-41133023	GAATAGA	48 54	cf
chr13:41255539-41255841	NA	NA	NA
chr13:42188237-42188626	AGATAAG,AAATAGC,GGATAAA,GGATAAG,GAATAGA	198 204,12 18,74 80,231 237,366 372	ff,fr,cf,cf,cf
chr13:50656140-50656272	NA	NA	NA
chr13:51889451-51889697	NA	NA	NA
chr13:52376345-52376490	NA	NA	NA
chr13:60035650-60035838	AGATAAA	74 80	cf
chr13:61333666-61333978	NA	NA	NA
chr13:66417457-66417603	NA	NA	NA
chr13:77086877-77087099	AGATAAG	100 106	ff
chr13:77297675-77297932	NA	NA	NA
chr13:78481954-78482127	NA	NA	NA
chr13:101196463-101196671	NA	NA	NA
chr13:101326487-101326768	NA	NA	NA
chr13:107001422-107001637	NA	NA	NA
chr13:107148469-107148644	NA	NA	NA
chr13:108103365-108103612	NA	NA	NA
chr13:110352604-110352837	NA	NA	NA
chr13:110919341-110919667	AGATAAG	77 83	ff
chr13:111181951-111182104	NA	NA	NA
chr13:111567397-111567655	NA	NA	NA
chr13:112307021-112307184	NA	NA	NA
chr13:113355557-113355666	NA	NA	NA
chr13:113366031-113366494	AGATAAG	193 199	ff
chr13:113862957-113863177	NA	NA	NA
chr13:114207425-114207647	NA	NA	NA
chr13:114520414-114520667	NA	NA	NA
chr14:20811612-20811774	NA	NA	NA
chr14:22122602-22122723	NA	NA	NA
chr14:23320583-23320894	NA	NA	NA
chr14:24563838-24564008	NA	NA	NA
chr14:24780127-24780367	NA	NA	NA
chr14:24805030-24805189	NA	NA	NA
chr14:30692748-30692940	NA	NA	NA
chr14:35810788-35810962	NA	NA	NA
chr14:38725368-38725578	NA	NA	NA
chr14:50101078-50101277	NA	NA	NA
chr14:50465960-50466068	NA	NA	NA
chr14:51297646-51297876	NA	NA	NA
chr14:51863139-51863395	AAATAGC	55 61	cf
chr14:54016768-54017023	AGATAAA	185 191	ff
chr14:55120936-55121095	NA	NA	NA
chr14:55239965-55240363	NA	NA	NA
chr14:55885256-55885429	NA	NA	NA
chr14:57829130-57829307	GAATAGA	124 130	cf
chr14:61822671-61822933	NA	NA	NA
chr14:62028783-62028935	NA	NA	NA
chr14:63670813-63670944	NA	NA	NA
chr14:64699277-64699534	NA	NA	NA
chr14:64970382-64970707	NA	NA	NA
chr14:64970937-64971109	NA	NA	NA
chr14:65229354-65229568	NA	NA	NA
chr14:65232518-65232791	NA	NA	NA
chr14:68318588-68318775	NA	NA	NA
chr14:69402572-69402846	AGATAAG	171 177	ff
chr14:71673662-71673887	NA	NA	NA
chr14:71787734-71788009	NA	NA	NA
chr14:72188360-72188642	NA	NA	NA
chr14:74208157-74208524	NA	NA	NA
chr14:74210347-74210584	AGATAAG	225 231	cf
chr14:74220117-74220593	NA	NA	NA
chr14:74353396-74353619	NA	NA	NA
chr14:75087507-75087655	AGATAAG	69 75	ff
chr14:75101879-75102012	NA	NA	NA
chr14:77422793-77423134	NA	NA	NA
chr14:85938019-85938431	CGATAAA,AAATAGC,GAATAGA	73 79,314 320,61 67	ff,fr,cf
chr14:90885613-90885732	NA	NA	NA
chr14:90896234-90896395	NA	NA	NA
chr14:90953417-90953684	NA	NA	NA
chr14:91270137-91270470	NA	NA	NA
chr14:93006964-93007355	NA	NA	NA
chr14:93077416-93077650	NA	NA	NA
chr14:96858226-96858329	NA	NA	NA
chr14:100070118-100070325	NA	NA	NA
chr14:100203925-100204135	AAATAGG,GAATAGA	38 44,79 85	cf,cf
chr14:100608536-100608913	NA	NA	NA
chr14:100608992-100609275	AGATAAG	86 92	ff
chr14:101539591-101539911	NA	NA	NA
chr14:101565090-101565278	GAATAGA,AAATAGG	113 119,151 157	cf,cf
chr14:102342928-102343162	NA	NA	NA
chr14:104390333-104390575	NA	NA	NA
chr14:104860512-104860753	NA	NA	NA
chr14:105219418-105219782	NA	NA	NA
chr14:105556924-105557229	GAATAGA	125 131	cf
chr14:105640773-105641116	NA	NA	NA
chr14:105662955-105663270	NA	NA	NA
chr14:105673091-105673203	NA	NA	NA
chr14:105942916-105943175	NA	NA	NA
chr14:105956827-105957095	NA	NA	NA
chr15:38751033-38751224	GAATAGG	165 171	fr
chr15:39422825-39422966	NA	NA	NA
chr15:39432170-39432460	NA	NA	NA
chr15:40626203-40626442	NA	NA	NA
chr15:40660311-40660692	NA	NA	NA
chr15:41198250-41198742	GAATAGG,AAATAGA	92 98,294 300	fr,fr
chr15:48937662-48937920	NA	NA	NA
chr15:49189918-49189997	NA	NA	NA
chr15:51057658-51057944	NA	NA	NA
chr15:52588003-52588202	NA	NA	NA
chr15:52776070-52776296	NA	NA	NA
chr15:52971445-52971731	NA	NA	NA
chr15:53022457-53022581	NA	NA	NA
chr15:57630075-57630383	NA	NA	NA
chr15:57630423-57630581	NA	NA	NA
chr15:57802977-57803240	NA	NA	NA
chr15:58471972-58472230	NA	NA	NA
chr15:60817469-60817606	NA	NA	NA
chr15:60898275-60898499	NA	NA	NA
chr15:60902398-60902547	NA	NA	NA
chr15:64126541-64126780	AAATAGA,AAATAGA	54 60,88 94	cf,cf
chr15:66162894-66163039	AAATAGA	65 71	cf
chr15:66909853-66910011	NA	NA	NA
chr15:66914551-66914732	NA	NA	NA
chr15:66942958-66943186	NA	NA	NA
chr15:67058175-67058330	NA	NA	NA
chr15:67134674-67134886	NA	NA	NA
chr15:67306025-67306207	NA	NA	NA
chr15:67383742-67383873	NA	NA	NA
chr15:67413444-67413764	NA	NA	NA
chr15:69074208-69074467	NA	NA	NA
chr15:69082126-69082410	NA	NA	NA
chr15:70053285-70053611	CGATAAG	88 94	ff
chr15:70767220-70767315	NA	NA	NA
chr15:71587350-71587501	AGATAAA	84 90	ff
chr15:71587637-71587928	NA	NA	NA
chr15:72612465-72612637	NA	NA	NA
chr15:73989340-73989786	NA	NA	NA
chr15:74243685-74243844	NA	NA	NA
chr15:74249202-74249472	NA	NA	NA
chr15:74838512-74838788	NA	NA	NA
chr15:74907937-74908130	NA	NA	NA
chr15:74908259-74908504	NA	NA	NA
chr15:75135401-75135735	NA	NA	NA
chr15:75246952-75247103	NA	NA	NA
chr15:75322015-75322363	NA	NA	NA
chr15:75335996-75336311	GAATAGA	130 136	cf
chr15:75493864-75494177	NA	NA	NA
chr15:75986168-75986461	CGATAAG	180 186	cf
chr15:75986784-75987178	NA	NA	NA
chr15:78283004-78283264	NA	NA	NA
chr15:78286338-78286539	NA	NA	NA
chr15:83761280-83761475	NA	NA	NA
chr15:86125894-86126215	AAATAGA	211 217	cf
chr15:89181957-89182436	NA	NA	NA
chr15:89439597-89439864	NA	NA	NA
chr15:89505235-89505320	GGATAAA	6 12	ff
chr15:89877800-89878089	NA	NA	NA
chr15:90358333-90358521	NA	NA	NA
chr15:90577612-90577967	NA	NA	NA
chr15:91412962-91413257	CGATAAA	60 66	cf
chr15:93160754-93161289	AGATAAA	224 230	ff
chr15:93188460-93188587	NA	NA	NA
chr15:93251428-93251671	GGATAAA	148 154	cf
chr15:93252324-93252473	NA	NA	NA
chr15:93425996-93426303	NA	NA	NA
chr15:93447473-93447751	NA	NA	NA
chr15:95128179-95128351	NA	NA	NA
chr15:95150681-95150793	NA	NA	NA
chr15:95388104-95388770	GAATAGC,GAATAGA	96 102,485 491	cf,cf
chr15:99270915-99271199	NA	NA	NA
chr15:99664030-99664331	NA	NA	NA
chr15:100026698-100026903	NA	NA	NA
chr15:101548386-101548730	AGATAAA	42 48	ff
chr15:101708602-101708868	NA	NA	NA
chr16:745444-745683	NA	NA	NA
chr16:1030722-1030869	NA	NA	NA
chr16:1047471-1047702	NA	NA	NA
chr16:1458256-1458592	NA	NA	NA
chr16:2093984-2094142	NA	NA	NA
chr16:2220021-2220365	GAATAGC	313 319	fr
chr16:2390573-2390871	NA	NA	NA
chr16:2732251-2732479	NA	NA	NA
chr16:3053849-3054002	NA	NA	NA
chr16:3137290-3137693	AAATAGG	340 346	cf
chr16:4322759-4323109	NA	NA	NA
chr16:4743993-4744208	NA	NA	NA
chr16:8944447-8944646	NA	NA	NA
chr16:8948280-8948414	NA	NA	NA
chr16:11228713-11228809	NA	NA	NA
chr16:15108200-15108344	NA	NA	NA
chr16:16092308-16092608	NA	NA	NA
chr16:16115927-16116048	NA	NA	NA
chr16:16214679-16214945	CGATAAA,GAATAGA	202 208,186 192	cf,cf
chr16:17491433-17491626	NA	NA	NA
chr16:20916098-20916364	GGATAAA,AGATAAA,AGATAAG,AAATAGG	86 92,104 110,200 206,118 124	ff,ff,ff,fr
chr16:23159808-23160184	NA	NA	NA
chr16:23568888-23569110	NA	NA	NA
chr16:28222480-28222740	NA	NA	NA
chr16:33964830-33965337	NA	NA	NA
chr16:47888590-47888859	NA	NA	NA
chr16:49732433-49732589	AAATAGA	92 98	cf
chr16:53086793-53087297	AAATAGG	487 493	fr
chr16:53133804-53134002	NA	NA	NA
chr16:56966073-56966175	NA	NA	NA
chr16:57300044-57300281	GGATAAG	146 152	ff
chr16:58490151-58490318	NA	NA	NA
chr16:59101193-59101449	NA	NA	NA
chr16:64196585-64196841	AAATAGG	29 35	cf
chr16:66393717-66394135	NA	NA	NA
chr16:66398009-66398232	NA	NA	NA
chr16:66550674-66551047	NA	NA	NA
chr16:67292433-67292683	NA	NA	NA
chr16:68366422-68366721	NA	NA	NA
chr16:69259092-69259292	AAATAGG	162 168	cf
chr16:69515891-69516212	NA	NA	NA
chr16:70607677-70607889	GAATAGC	154 160	fr
chr16:70729611-70729902	NA	NA	NA
chr16:72056955-72057161	NA	NA	NA
chr16:72405257-72405403	NA	NA	NA
chr16:73188098-73188363	NA	NA	NA
chr16:73285562-73285850	NA	NA	NA
chr16:75121279-75121477	NA	NA	NA
chr16:75330587-75330788	NA	NA	NA
chr16:77756319-77756489	NA	NA	NA
chr16:80838292-80838474	NA	NA	NA
chr16:81659285-81659462	NA	NA	NA
chr16:81719966-81720367	GAATAGA	212 218	cf
chr16:81728633-81728808	NA	NA	NA
chr16:82970731-82971085	CGATAAA,CGATAAA	182 188,230 236	cf,cf
chr16:83987225-83987509	NA	NA	NA
chr16:84218368-84218559	NA	NA	NA
chr16:84840217-84840515	NA	NA	NA
chr16:85205629-85205811	GAATAGG	31 37	fr
chr16:85597133-85597420	GAATAGA	29 35	cf
chr16:86129782-86129947	NA	NA	NA
chr16:86962767-86963035	NA	NA	NA
chr16:86964940-86965264	AGATAAA	268 274	ff
chr16:87212703-87212964	CGATAAA	85 91	cf
chr16:87469175-87469345	NA	NA	NA
chr16:87608750-87608898	NA	NA	NA
chr16:87639957-87640208	NA	NA	NA
chr16:87812756-87813016	NA	NA	NA
chr16:88323649-88323863	NA	NA	NA
chr16:88349416-88349680	NA	NA	NA
chr16:88522044-88522602	CGATAAG,CGATAAG,GAATAGA	301 307,344 350,355 361	ff,ff,cf
chr16:88935936-88936080	NA	NA	NA
chr16:88987267-88987656	NA	NA	NA
chr16:88991607-88991886	NA	NA	NA
chr16:89043301-89043775	NA	NA	NA
chr16:89070576-89070860	AGATAAA,AGATAAA	15 21,149 155	ff,ff
chr16:89237591-89237764	NA	NA	NA
chr16:89477339-89477539	NA	NA	NA
chr17:200553-200848	NA	NA	NA
chr17:964350-964586	NA	NA	NA
chr17:981283-981420	NA	NA	NA
chr17:1394209-1394403	GAATAGC	85 91	cf
chr17:1970974-1971193	NA	NA	NA
chr17:4434748-4434939	NA	NA	NA
chr17:5430182-5430447	NA	NA	NA
chr17:5800966-5801166	NA	NA	NA
chr17:6001919-6002104	GAATAGG	29 35	cf
chr17:6094750-6095019	AGATAAG,GAATAGA	163 169,188 194	ff,cf
chr17:6946715-6946931	AAATAGC	44 50	cf
chr17:7035876-7036112	NA	NA	NA
chr17:7738980-7739253	NA	NA	NA
chr17:7792530-7792724	NA	NA	NA
chr17:7977192-7977352	NA	NA	NA
chr17:8323822-8323995	AGATAAG	132 138	ff
chr17:15393957-15394306	NA	NA	NA
chr17:19352274-19352446	NA	NA	NA
chr17:20946256-20946552	NA	NA	NA
chr17:25572392-25572511	NA	NA	NA
chr17:25680620-25680956	NA	NA	NA
chr17:25711124-25711599	NA	NA	NA
chr17:25711634-25711884	NA	NA	NA
chr17:28256260-28256506	NA	NA	NA
chr17:30049758-30049917	NA	NA	NA
chr17:31254353-31254481	NA	NA	NA
chr17:32688499-32688697	NA	NA	NA
chr17:33887911-33888003	CGATAAG	26 32	ff
chr17:34128664-34128934	NA	NA	NA
chr17:35767205-35767390	NA	NA	NA
chr17:35969075-35969226	NA	NA	NA
chr17:35969331-35969674	NA	NA	NA
chr17:37883138-37883321	NA	NA	NA
chr17:38177779-38178133	NA	NA	NA
chr17:38228499-38228816	NA	NA	NA
chr17:38488753-38488985	NA	NA	NA
chr17:38692539-38692932	AGATAAG,GGATAAG	288 294,360 366	ff,ff
chr17:38693027-38693309	NA	NA	NA
chr17:38713243-38713563	NA	NA	NA
chr17:39647026-39647258	NA	NA	NA
chr17:39844998-39845252	NA	NA	NA
chr17:39933380-39933628	NA	NA	NA
chr17:39933730-39934329	NA	NA	NA
chr17:40176800-40177013	GAATAGA	82 88	fr
chr17:40471852-40472255	NA	NA	NA
chr17:40670998-40671260	AGATAAG	227 233	ff
chr17:41466021-41466422	NA	NA	NA
chr17:43309217-43309331	NA	NA	NA
chr17:43370833-43371113	NA	NA	NA
chr17:43371159-43371272	NA	NA	NA
chr17:45144790-45145082	NA	NA	NA
chr17:45216091-45216229	AAATAGG	26 32	cf
chr17:47113018-47113235	NA	NA	NA
chr17:47765362-47765701	GAATAGA	7 13	cf
chr17:47910262-47910480	NA	NA	NA
chr17:48032080-48032252	NA	NA	NA
chr17:48228409-48228595	NA	NA	NA
chr17:48255817-48256058	NA	NA	NA
chr17:54993115-54993464	GAATAGG,GGATAAA	242 248,141 147	fr,cf
chr17:55952743-55952928	NA	NA	NA
chr17:56609223-56609543	NA	NA	NA
chr17:61497931-61498253	NA	NA	NA
chr17:61524370-61524748	AGATAAG	121 127	ff
chr17:61528036-61528276	NA	NA	NA
chr17:61600432-61600678	NA	NA	NA
chr17:61920059-61920251	NA	NA	NA
chr17:62084157-62084402	NA	NA	NA
chr17:62207281-62207451	NA	NA	NA
chr17:62962013-62962209	NA	NA	NA
chr17:63070972-63071201	GGATAAG	206 212	cf
chr17:66049706-66049962	NA	NA	NA
chr17:66255290-66255485	NA	NA	NA
chr17:67043526-67043725	NA	NA	NA
chr17:68165168-68165539	NA	NA	NA
chr17:71301341-71301460	NA	NA	NA
chr17:73703264-73703555	NA	NA	NA
chr17:73775351-73775504	NA	NA	NA
chr17:73823604-73823773	NA	NA	NA
chr17:73868621-73868836	NA	NA	NA
chr17:73873321-73873574	NA	NA	NA
chr17:74178489-74178600	NA	NA	NA
chr17:74380519-74380712	NA	NA	NA
chr17:74722481-74722687	NA	NA	NA
chr17:75082154-75082337	CGATAAG	111 117	ff
chr17:75118650-75118925	GGATAAA	37 43	cf
chr17:75380050-75380174	NA	NA	NA
chr17:75421213-75421482	NA	NA	NA
chr17:76254706-76254929	AGATAAA	174 180	ff
chr17:76588324-76588487	NA	NA	NA
chr17:76661996-76662257	NA	NA	NA
chr17:76879907-76880074	NA	NA	NA
chr17:79319933-79320044	NA	NA	NA
chr17:79935392-79935561	CGATAAA	82 88	ff
chr17:80417040-80417199	NA	NA	NA
chr17:80824763-80824930	NA	NA	NA
chr17:80844962-80845078	NA	NA	NA
chr17:81103305-81103683	NA	NA	NA
chr18:2776776-2776887	NA	NA	NA
chr18:3247036-3247364	NA	NA	NA
chr18:3711004-3711154	NA	NA	NA
chr18:8730479-8730768	NA	NA	NA
chr18:9404464-9404796	NA	NA	NA
chr18:10927049-10927181	NA	NA	NA
chr18:13464910-13465146	NA	NA	NA
chr18:18512827-18512906	NA	NA	NA
chr18:20839881-20840195	GGATAAA	294 300	cf
chr18:20840238-20840578	AAATAGA	209 215	cf
chr18:20981500-20981736	NA	NA	NA
chr18:21365000-21365228	NA	NA	NA
chr18:22411877-22412081	NA	NA	NA
chr18:22494248-22494448	NA	NA	NA
chr18:22809147-22809336	GAATAGG	34 40	cf
chr18:22879025-22879295	NA	NA	NA
chr18:32621043-32621311	NA	NA	NA
chr18:33038850-33039248	GAATAGC	188 194	cf
chr18:34974088-34974474	NA	NA	NA
chr18:46239670-46239937	NA	NA	NA
chr18:46307555-46307966	NA	NA	NA
chr18:46392778-46392971	NA	NA	NA
chr18:50330232-50330415	AAATAGA	28 34	fr
chr18:51750698-51750978	NA	NA	NA
chr18:53069045-53069411	NA	NA	NA
chr18:54093130-54093300	NA	NA	NA
chr18:54763290-54763487	NA	NA	NA
chr18:55335289-55335625	AGATAAG	113 119	ff
chr18:59274104-59274318	GGATAAA	61 67	cf
chr18:60001356-60001646	AGATAAA	96 102	ff
chr18:60118303-60118587	GAATAGC	182 188	fr
chr18:73013227-73013328	NA	NA	NA
chr18:77267077-77267296	NA	NA	NA
chr19:852202-852490	NA	NA	NA
chr19:934969-935206	NA	NA	NA
chr19:940599-940812	NA	NA	NA
chr19:940928-941168	GAATAGA	74 80	cf
chr19:1016714-1016908	NA	NA	NA
chr19:1066293-1066542	NA	NA	NA
chr19:1247979-1248368	NA	NA	NA
chr19:1615276-1615521	NA	NA	NA
chr19:1643953-1644232	NA	NA	NA
chr19:1855492-1855725	NA	NA	NA
chr19:1905659-1905840	NA	NA	NA
chr19:2075615-2075853	CGATAAA	141 147	ff
chr19:2540912-2541087	NA	NA	NA
chr19:2950048-2950349	GAATAGA	120 126	cf
chr19:3141941-3142241	NA	NA	NA
chr19:3155101-3155457	NA	NA	NA
chr19:3375299-3375450	NA	NA	NA
chr19:3683608-3683904	NA	NA	NA
chr19:4391754-4392174	NA	NA	NA
chr19:4575316-4575569	AAATAGG	199 205	fr
chr19:4648407-4648631	NA	NA	NA
chr19:5128712-5128875	NA	NA	NA
chr19:5894421-5894755	GAATAGA	178 184	cf
chr19:8305271-8305496	NA	NA	NA
chr19:8405634-8405818	NA	NA	NA
chr19:8483036-8483376	GAATAGA,AAATAGG	169 175,255 261	cf,cf
chr19:10216884-10217086	NA	NA	NA
chr19:10380466-10380733	NA	NA	NA
chr19:10397485-10397754	GAATAGA	143 149	cf
chr19:10853221-10853447	NA	NA	NA
chr19:11379731-11380118	NA	NA	NA
chr19:11494886-11495159	AGATAAG	177 183	ff
chr19:13143827-13143899	NA	NA	NA
chr19:13213502-13214066	AGATAAG	163 169	ff
chr19:13215151-13215540	NA	NA	NA
chr19:13226905-13227079	NA	NA	NA
chr19:13262488-13262616	NA	NA	NA
chr19:13275259-13275581	NA	NA	NA
chr19:13278280-13278525	NA	NA	NA
chr19:13540475-13540628	AGATAAG	76 82	ff
chr19:13947633-13948079	NA	NA	NA
chr19:14117770-14118121	AGATAAG	250 256	ff
chr19:14618683-14618839	NA	NA	NA
chr19:16181333-16181516	NA	NA	NA
chr19:16369261-16369576	AGATAAG	131 137	ff
chr19:16426688-16427025	AGATAAG	292 298	ff
chr19:16568387-16568783	GGATAAG	207 213	cf
chr19:16999576-16999824	NA	NA	NA
chr19:17000378-17000474	NA	NA	NA
chr19:17356989-17357184	NA	NA	NA
chr19:17416165-17416449	NA	NA	NA
chr19:17664191-17664466	GGATAAA	201 207	cf
chr19:17832702-17832856	NA	NA	NA
chr19:18134564-18134945	NA	NA	NA
chr19:18255268-18255481	NA	NA	NA
chr19:18429110-18429304	AGATAAG	100 106	ff
chr19:18485306-18485554	NA	NA	NA
chr19:18499310-18499462	NA	NA	NA
chr19:19496170-19496305	NA	NA	NA
chr19:19766056-19766189	NA	NA	NA
chr19:33668170-33668403	NA	NA	NA
chr19:34374846-34375036	NA	NA	NA
chr19:35453442-35453768	AGATAAG,AGATAAA	111 117,153 159	ff,cf
chr19:36232026-36232145	NA	NA	NA
chr19:36485929-36486218	NA	NA	NA
chr19:36486636-36486859	NA	NA	NA
chr19:38494119-38494395	NA	NA	NA
chr19:39635190-39635418	NA	NA	NA
chr19:39894401-39894681	NA	NA	NA
chr19:40476892-40477157	NA	NA	NA
chr19:40747766-40747942	NA	NA	NA
chr19:40785056-40785287	NA	NA	NA
chr19:41831686-41831955	NA	NA	NA
chr19:42596439-42596724	NA	NA	NA
chr19:42617856-42618013	NA	NA	NA
chr19:45221930-45222253	NA	NA	NA
chr19:45245196-45245507	NA	NA	NA
chr19:45351609-45351830	NA	NA	NA
chr19:47104253-47104563	NA	NA	NA
chr19:47289619-47289776	NA	NA	NA
chr19:47747355-47747635	AAATAGC	123 129	cf
chr19:48233235-48233556	GAATAGA	204 210	cf
chr19:48625183-48625330	CGATAAA	96 102	cf
chr19:48825136-48825535	NA	NA	NA
chr19:49652455-49652650	GAATAGA	92 98	cf
chr19:50093596-50093833	NA	NA	NA
chr19:50490602-50490763	NA	NA	NA
chr19:51228066-51228387	NA	NA	NA
chr19:52050054-52050248	AGATAAG	103 109	ff
chr19:54652812-54653140	NA	NA	NA
chr19:54692204-54692462	AGATAAG	116 122	ff
chr19:56058785-56058950	NA	NA	NA
chr2:7005339-7005653	NA	NA	NA
chr2:9770251-9770406	NA	NA	NA
chr2:9893539-9893663	CGATAAG	99 105	ff
chr2:10575047-10575275	NA	NA	NA
chr2:10638132-10638334	NA	NA	NA
chr2:10688836-10689026	NA	NA	NA
chr2:11543896-11544081	NA	NA	NA
chr2:12295999-12296145	NA	NA	NA
chr2:12805504-12805913	NA	NA	NA
chr2:15909762-15910017	NA	NA	NA
chr2:20779137-20779389	NA	NA	NA
chr2:20811115-20811314	NA	NA	NA
chr2:26678672-26678826	NA	NA	NA
chr2:26738065-26738240	NA	NA	NA
chr2:27304213-27304443	NA	NA	NA
chr2:28177955-28178194	NA	NA	NA
chr2:28578388-28578788	AGATAAG	234 240	ff
chr2:33151881-33152123	NA	NA	NA
chr2:33701597-33701744	NA	NA	NA
chr2:37875958-37876142	NA	NA	NA
chr2:38603825-38604124	NA	NA	NA
chr2:43107286-43107479	NA	NA	NA
chr2:45490367-45490538	NA	NA	NA
chr2:45573158-45573251	NA	NA	NA
chr2:47106094-47106388	NA	NA	NA
chr2:47261318-47261611	NA	NA	NA
chr2:54816780-54816985	NA	NA	NA
chr2:56193046-56193270	AGATAAG	90 96	ff
chr2:62531986-62532139	AGATAAG	83 89	ff
chr2:62533943-62534236	NA	NA	NA
chr2:65308438-65308679	AGATAAG	131 137	ff
chr2:71719303-71719630	NA	NA	NA
chr2:73298801-73299044	NA	NA	NA
chr2:74211898-74212237	NA	NA	NA
chr2:83309109-83309268	NA	NA	NA
chr2:85664662-85664830	NA	NA	NA
chr2:85732178-85732368	NA	NA	NA
chr2:85812252-85812451	NA	NA	NA
chr2:85812500-85812704	GAATAGG,GAATAGA	155 161,59 65	fr,cf
chr2:85968808-85969080	NA	NA	NA
chr2:85999343-85999813	NA	NA	NA
chr2:86264369-86264566	NA	NA	NA
chr2:87985183-87985357	NA	NA	NA
chr2:92290921-92291000	NA	NA	NA
chr2:92296795-92297019	NA	NA	NA
chr2:92309423-92309750	NA	NA	NA
chr2:95680696-95680853	NA	NA	NA
chr2:98910788-98911084	GAATAGA	238 244	cf
chr2:101945218-101945499	NA	NA	NA
chr2:106010171-106010497	AGATAAG	113 119	ff
chr2:109856291-109856532	NA	NA	NA
chr2:110087034-110087229	AAATAGC	126 132	fr
chr2:110098894-110099298	AAATAGA	31 37	cf
chr2:112677823-112677998	NA	NA	NA
chr2:112812780-112813032	NA	NA	NA
chr2:112813076-112813402	NA	NA	NA
chr2:120403223-120403423	AGATAAG	4 10	ff
chr2:120517298-120517572	NA	NA	NA
chr2:121266224-121266384	GAATAGA	140 146	fr
chr2:127818963-127819265	NA	NA	NA
chr2:127822382-127822774	NA	NA	NA
chr2:127844894-127845180	AGATAAG	115 121	ff
chr2:128848627-128848823	NA	NA	NA
chr2:128994858-128995086	AAATAGA	49 55	fr
chr2:129307379-129307618	NA	NA	NA
chr2:133011905-133012370	NA	NA	NA
chr2:133012464-133012996	AAATAGA,GGATAAG	428 434,443 449	fr,cf
chr2:133015098-133015370	NA	NA	NA
chr2:135158745-135159173	NA	NA	NA
chr2:139231836-139231936	AGATAAG	70 76	ff
chr2:152118321-152118528	NA	NA	NA
chr2:159524205-159524384	NA	NA	NA
chr2:160003759-160003951	AGATAAA	138 144	ff
chr2:167244930-167245399	NA	NA	NA
chr2:173176757-173176954	NA	NA	NA
chr2:174924286-174924483	AAATAGC	112 118	fr
chr2:177383584-177383858	NA	NA	NA
chr2:177430853-177431086	NA	NA	NA
chr2:179269241-179269464	NA	NA	NA
chr2:191844719-191844999	NA	NA	NA
chr2:191845032-191845264	NA	NA	NA
chr2:191878682-191879110	NA	NA	NA
chr2:192112499-192112651	NA	NA	NA
chr2:197097908-197098066	NA	NA	NA
chr2:198570632-198570848	NA	NA	NA
chr2:204979060-204979361	NA	NA	NA
chr2:206004758-206004949	NA	NA	NA
chr2:216712606-216712822	NA	NA	NA
chr2:218872951-218873076	NA	NA	NA
chr2:219152608-219152791	AGATAAG	87 93	ff
chr2:220082649-220082809	NA	NA	NA
chr2:220143901-220144465	AGATAAG,AAATAGC	460 466,97 103	ff,fr
chr2:220374867-220375094	GAATAGA,GAATAGA	3 9,122 128	cf,cf
chr2:225271785-225272385	NA	NA	NA
chr2:225813653-225813843	AAATAGG	2 8	cf
chr2:231902372-231902597	NA	NA	NA
chr2:232478980-232479126	NA	NA	NA
chr2:232526808-232527035	NA	NA	NA
chr2:234763393-234763596	AGATAAG	91 97	ff
chr2:235603304-235603460	NA	NA	NA
chr2:235889848-235890189	AAATAGC	62 68	cf
chr2:236147300-236147419	NA	NA	NA
chr2:238683443-238683586	NA	NA	NA
chr2:240752897-240753423	GGATAAA,AAATAGG	63 69,1 7	cf,cf
chr2:240779881-240780215	CGATAAG	325 331	ff
chr2:240821108-240821351	AAATAGA	102 108	cf
chr2:241505176-241505338	AGATAAG	110 116	ff
chr2:241505846-241505966	NA	NA	NA
chr20:1373793-1373974	NA	NA	NA
chr20:9049817-9049988	NA	NA	NA
chr20:10015454-10015800	NA	NA	NA
chr20:10652286-10652455	NA	NA	NA
chr20:10655468-10655667	NA	NA	NA
chr20:13228016-13228205	NA	NA	NA
chr20:17663181-17663394	NA	NA	NA
chr20:22461972-22462074	NA	NA	NA
chr20:23065849-23066087	NA	NA	NA
chr20:24721327-24721537	NA	NA	NA
chr20:29653228-29653324	NA	NA	NA
chr20:30160686-30161203	NA	NA	NA
chr20:30196261-30196639	CGATAAA	143 149	cf
chr20:30198335-30198824	GAATAGA	302 308	cf
chr20:31057818-31058125	NA	NA	NA
chr20:33754270-33754584	GAATAGA	90 96	cf
chr20:33813273-33813539	GAATAGA	171 177	cf
chr20:33893570-33893911	NA	NA	NA
chr20:34356073-34356187	NA	NA	NA
chr20:34686277-34686507	NA	NA	NA
chr20:34891245-34891378	NA	NA	NA
chr20:36147309-36147456	AGATAAG	96 102	ff
chr20:36154801-36155036	AAATAGG	38 44	cf
chr20:36780580-36780734	NA	NA	NA
chr20:36787230-36787579	AGATAAG	221 227	ff
chr20:37503636-37503857	GAATAGC	12 18	cf
chr20:37503867-37504121	NA	NA	NA
chr20:39272688-39272857	NA	NA	NA
chr20:39779466-39779651	NA	NA	NA
chr20:45989273-45989651	NA	NA	NA
chr20:47722796-47722965	NA	NA	NA
chr20:48179096-48179231	NA	NA	NA
chr20:48406863-48407098	NA	NA	NA
chr20:48595694-48595845	NA	NA	NA
chr20:49977650-49977843	NA	NA	NA
chr20:49990474-49990741	NA	NA	NA
chr20:50045018-50045235	AGATAAA	66 72	ff
chr20:59548250-59548408	NA	NA	NA
chr20:60552175-60552388	NA	NA	NA
chr20:60738493-60738676	NA	NA	NA
chr20:60860699-60861120	NA	NA	NA
chr20:60901826-60901999	NA	NA	NA
chr20:60925467-60925651	NA	NA	NA
chr20:60932466-60932588	AGATAAG	71 77	ff
chr20:60939591-60939729	CGATAAG	70 76	ff
chr20:61334944-61335075	NA	NA	NA
chr20:61335743-61336073	GAATAGG	186 192	cf
chr20:61355512-61355656	NA	NA	NA
chr20:62330533-62330770	NA	NA	NA
chr20:62673381-62673489	NA	NA	NA
chr20:62673906-62674103	AGATAAG	124 130	ff
chr20:62685395-62685554	NA	NA	NA
chr20:62687288-62687573	NA	NA	NA
chr21:9825447-9827581	NA	NA	NA
chr21:17791468-17791730	GAATAGG	7 13	fr
chr21:27336413-27336598	NA	NA	NA
chr21:33889271-33889436	NA	NA	NA
chr21:35267930-35268042	NA	NA	NA
chr21:37802273-37802647	NA	NA	NA
chr21:37829351-37829606	NA	NA	NA
chr21:38338611-38338962	NA	NA	NA
chr21:38730606-38731025	NA	NA	NA
chr21:38738602-38738817	NA	NA	NA
chr21:38936171-38936312	NA	NA	NA
chr21:38936654-38937035	NA	NA	NA
chr21:39848312-39848592	NA	NA	NA
chr21:40392792-40393037	NA	NA	NA
chr21:42619723-42619965	GAATAGA	110 116	cf
chr21:43378268-43378522	AGATAAA	145 151	cf
chr21:43499176-43499351	NA	NA	NA
chr21:44073362-44073561	NA	NA	NA
chr21:44805703-44805931	NA	NA	NA
chr21:44876682-44876869	NA	NA	NA
chr21:44898092-44898361	NA	NA	NA
chr21:44898588-44898797	NA	NA	NA
chr21:44936722-44937011	NA	NA	NA
chr21:47393951-47394316	NA	NA	NA
chr22:17652716-17652882	NA	NA	NA
chr22:18463467-18463666	NA	NA	NA
chr22:19651001-19651238	NA	NA	NA
chr22:19861876-19862166	NA	NA	NA
chr22:19868752-19868974	AGATAAA	110 116	ff
chr22:19879202-19879317	NA	NA	NA
chr22:20907538-20907692	NA	NA	NA
chr22:22292624-22292860	NA	NA	NA
chr22:22296879-22297212	NA	NA	NA
chr22:23558260-23558383	NA	NA	NA
chr22:24815934-24816413	GGATAAA	59 65	ff
chr22:25381873-25382024	NA	NA	NA
chr22:25482466-25482782	NA	NA	NA
chr22:25509518-25509750	NA	NA	NA
chr22:26908415-26908589	GAATAGC	168 174	fr
chr22:27550775-27550958	GAATAGA,AGATAAG	18 24,36 42	fr,cf
chr22:27635076-27635400	NA	NA	NA
chr22:28425291-28425440	NA	NA	NA
chr22:30687016-30687355	GAATAGC	142 148	fr
chr22:31265025-31265318	NA	NA	NA
chr22:31442634-31442866	NA	NA	NA
chr22:33226505-33226884	GAATAGA	81 87	fr
chr22:33277054-33277539	AGATAAG	74 80	ff
chr22:35777534-35777695	NA	NA	NA
chr22:35863842-35864119	NA	NA	NA
chr22:36764777-36764946	NA	NA	NA
chr22:36859737-36860106	NA	NA	NA
chr22:37880579-37880773	AGATAAG	74 80	ff
chr22:37942204-37942373	NA	NA	NA
chr22:37942490-37942724	NA	NA	NA
chr22:38572153-38572547	NA	NA	NA
chr22:39570714-39570953	NA	NA	NA
chr22:39630996-39631185	NA	NA	NA
chr22:39679592-39679778	NA	NA	NA
chr22:39989633-39989861	NA	NA	NA
chr22:43355805-43356019	AGATAAG	135 141	ff
chr22:43659387-43659635	NA	NA	NA
chr22:43659815-43660094	GGATAAA	250 256	ff
chr22:43664648-43664914	NA	NA	NA
chr22:44732050-44732158	NA	NA	NA
chr22:45060102-45060315	NA	NA	NA
chr22:45125526-45125803	NA	NA	NA
chr22:46393402-46393637	NA	NA	NA
chr22:46393695-46393869	NA	NA	NA
chr22:46484156-46484293	GAATAGC	72 78	cf
chr22:46646516-46646656	NA	NA	NA
chr22:46692551-46692763	NA	NA	NA
chr22:47149960-47150247	NA	NA	NA
chr22:47150273-47150705	NA	NA	NA
chr22:48965814-48965978	NA	NA	NA
chr22:50732369-50732676	NA	NA	NA
chr22:51094722-51095006	NA	NA	NA
chr22:51110852-51111233	NA	NA	NA
chr3:4575514-4575646	AAATAGA	70 76	cf
chr3:5280857-5281303	NA	NA	NA
chr3:9439227-9439471	NA	NA	NA
chr3:10247943-10248105	NA	NA	NA
chr3:11243381-11243661	NA	NA	NA
chr3:11432126-11432215	NA	NA	NA
chr3:12447339-12447537	NA	NA	NA
chr3:14494374-14494608	NA	NA	NA
chr3:14848196-14848382	NA	NA	NA
chr3:15369625-15369786	NA	NA	NA
chr3:16092569-16092787	NA	NA	NA
chr3:20122774-20122959	NA	NA	NA
chr3:27601332-27601614	NA	NA	NA
chr3:27753665-27753825	NA	NA	NA
chr3:30723575-30723771	NA	NA	NA
chr3:32182536-32182752	AAATAGA	31 37	cf
chr3:32443048-32443321	NA	NA	NA
chr3:32509252-32509449	NA	NA	NA
chr3:32511393-32511559	NA	NA	NA
chr3:33138641-33138911	NA	NA	NA
chr3:39188419-39188792	NA	NA	NA
chr3:39679911-39680173	GGATAAG,GAATAGA	213 219,179 185	cf,cf
chr3:42515121-42515411	NA	NA	NA
chr3:43327676-43328073	NA	NA	NA
chr3:43435482-43435782	NA	NA	NA
chr3:44481419-44481635	AGATAAG	129 135	cf
chr3:46448491-46448691	GAATAGA	158 164	cf
chr3:46889822-46889963	AGATAAG	34 40	ff
chr3:46977024-46977208	GAATAGA	59 65	cf
chr3:48601534-48601675	NA	NA	NA
chr3:49842754-49843094	NA	NA	NA
chr3:49843353-49843570	NA	NA	NA
chr3:49843644-49844063	NA	NA	NA
chr3:50361116-50361431	NA	NA	NA
chr3:52463798-52464016	NA	NA	NA
chr3:52529115-52529319	NA	NA	NA
chr3:53384791-53384943	AGATAAA,GAATAGA	120 126,44 50	ff,cf
chr3:58034097-58034308	NA	NA	NA
chr3:58067819-58068077	NA	NA	NA
chr3:63897387-63897559	NA	NA	NA
chr3:66479268-66479546	GGATAAA,GGATAAA	139 145,168 174	ff,ff
chr3:69058074-69058298	NA	NA	NA
chr3:69062133-69062402	NA	NA	NA
chr3:70787534-70787638	NA	NA	NA
chr3:72353223-72353481	AAATAGA	107 113	cf
chr3:80782827-80783236	NA	NA	NA
chr3:100353742-100353921	GAATAGC	43 49	fr
chr3:107809960-107810163	NA	NA	NA
chr3:107844502-107844809	NA	NA	NA
chr3:111393442-111393651	NA	NA	NA
chr3:113871626-113871873	NA	NA	NA
chr3:122801141-122801519	NA	NA	NA
chr3:124491029-124491405	NA	NA	NA
chr3:125848430-125848703	NA	NA	NA
chr3:126630134-126630532	NA	NA	NA
chr3:127795792-127795968	GAATAGC	75 81	cf
chr3:128201633-128201979	NA	NA	NA
chr3:128202086-128202316	GAATAGA	67 73	cf
chr3:128275810-128275973	NA	NA	NA
chr3:128734599-128734869	NA	NA	NA
chr3:129315234-129315435	NA	NA	NA
chr3:129318373-129318725	NA	NA	NA
chr3:129342430-129342812	NA	NA	NA
chr3:129345606-129345905	NA	NA	NA
chr3:133593694-133593897	NA	NA	NA
chr3:135969965-135970179	AGATAAG	141 147	ff
chr3:138634681-138634948	NA	NA	NA
chr3:142303875-142304073	NA	NA	NA
chr3:143021829-143021986	NA	NA	NA
chr3:148995405-148995491	NA	NA	NA
chr3:149057689-149057971	NA	NA	NA
chr3:150480963-150481182	NA	NA	NA
chr3:151986524-151986813	CGATAAG	165 171	ff
chr3:152038158-152038326	NA	NA	NA
chr3:153346467-153346554	NA	NA	NA
chr3:156534692-156535012	NA	NA	NA
chr3:157053561-157053770	NA	NA	NA
chr3:159570840-159571077	NA	NA	NA
chr3:161608206-161608451	GAATAGA	109 115	cf
chr3:170074537-170075059	NA	NA	NA
chr3:171547780-171547948	NA	NA	NA
chr3:173464178-173464348	NA	NA	NA
chr3:177888505-177888715	NA	NA	NA
chr3:178789501-178789692	NA	NA	NA
chr3:183273381-183273627	AGATAAG	214 220	cf
chr3:184190943-184191130	NA	NA	NA
chr3:185762860-185763191	GAATAGG	99 105	cf
chr3:193720802-193721365	AAATAGC	352 358	cf
chr3:193788798-193789197	NA	NA	NA
chr3:193853868-193854004	NA	NA	NA
chr3:193858976-193859362	GAATAGC	256 262	fr
chr3:193983089-193983601	NA	NA	NA
chr3:194223686-194223797	GAATAGA	29 35	fr
chr3:194360960-194361137	NA	NA	NA
chr3:194651560-194651773	NA	NA	NA
chr3:194823803-194823918	AGATAAA	78 84	ff
chr3:194871215-194871462	GAATAGC	107 113	fr
chr3:194875787-194876063	AAATAGC	131 137	fr
chr3:194881191-194881381	NA	NA	NA
chr3:194882860-194883218	NA	NA	NA
chr3:196377791-196377995	NA	NA	NA
chr4:775707-776008	NA	NA	NA
chr4:3031977-3032071	NA	NA	NA
chr4:3307340-3307837	NA	NA	NA
chr4:6280540-6280917	AGATAAG	143 149	ff
chr4:7783240-7783413	NA	NA	NA
chr4:7919903-7920351	NA	NA	NA
chr4:7971439-7971620	NA	NA	NA
chr4:8031438-8031719	NA	NA	NA
chr4:8193053-8193544	GAATAGG	231 237	fr
chr4:8200708-8201193	NA	NA	NA
chr4:17338105-17338300	AAATAGA	152 158	cf
chr4:23866385-23866580	NA	NA	NA
chr4:24110600-24110696	NA	NA	NA
chr4:30723879-30724085	NA	NA	NA
chr4:37828254-37828497	NA	NA	NA
chr4:38668810-38669098	NA	NA	NA
chr4:40912822-40912970	NA	NA	NA
chr4:41162090-41162299	NA	NA	NA
chr4:54860650-54860807	NA	NA	NA
chr4:55808223-55808471	NA	NA	NA
chr4:56136206-56136404	AGATAAG	80 86	ff
chr4:69215661-69215912	NA	NA	NA
chr4:77129583-77129854	NA	NA	NA
chr4:78740485-78740594	NA	NA	NA
chr4:78905930-78906047	NA	NA	NA
chr4:79521143-79521355	AGATAAG	79 85	ff
chr4:80777381-80777519	AGATAAG	125 131	cf
chr4:96210492-96210662	NA	NA	NA
chr4:99649628-99649867	AGATAAG	102 108	ff
chr4:102113020-102113168	NA	NA	NA
chr4:108745969-108746234	NA	NA	NA
chr4:110736506-110736718	NA	NA	NA
chr4:114254442-114254529	NA	NA	NA
chr4:135507154-135507534	AGATAAG	103 109	ff
chr4:139832046-139832294	NA	NA	NA
chr4:140586866-140587126	CGATAAG	229 235	ff
chr4:140656243-140656532	NA	NA	NA
chr4:141072719-141072946	AGATAAG	205 211	ff
chr4:141075271-141075492	NA	NA	NA
chr4:142834117-142834297	GAATAGA	70 76	cf
chr4:148499281-148499562	NA	NA	NA
chr4:159593203-159593456	GAATAGA	148 154	cf
chr4:166687198-166687489	AGATAAA	275 281	ff
chr4:168818455-168818610	GGATAAA,AAATAGA	121 127,52 58	cf,cf
chr4:169342982-169343111	GAATAGA	52 58	cf
chr4:190508162-190508345	NA	NA	NA
chr4:190550228-190550346	NA	NA	NA
chr5:49658-49918	NA	NA	NA
chr5:657831-657999	NA	NA	NA
chr5:1111571-1111732	NA	NA	NA
chr5:14205257-14205405	AAATAGA	140 146	fr
chr5:14210031-14210213	NA	NA	NA
chr5:31305708-31305794	AAATAGG	29 35	cf
chr5:34656342-34656618	NA	NA	NA
chr5:34789186-34789375	NA	NA	NA
chr5:37553390-37553542	GAATAGA	58 64	cf
chr5:38433577-38433904	NA	NA	NA
chr5:42995212-42995364	NA	NA	NA
chr5:55419670-55419898	GAATAGA	22 28	cf
chr5:56679108-56679256	AGATAAG,AGATAAG	23 29,91 97	ff,ff
chr5:56732510-56732690	NA	NA	NA
chr5:58858867-58859068	NA	NA	NA
chr5:66300220-66300542	AGATAAG	66 72	cf
chr5:71450333-71450510	NA	NA	NA
chr5:71747656-71748085	GGATAAG	294 300	cf
chr5:71748417-71748680	GGATAAG	45 51	cf
chr5:71750939-71751085	NA	NA	NA
chr5:74230974-74231223	NA	NA	NA
chr5:76034910-76035048	NA	NA	NA
chr5:77934221-77934483	NA	NA	NA
chr5:90576645-90576811	NA	NA	NA
chr5:92414341-92414559	GAATAGA	63 69	fr
chr5:94956262-94956693	NA	NA	NA
chr5:94982338-94982654	NA	NA	NA
chr5:95192944-95193340	NA	NA	NA
chr5:100236543-100236785	NA	NA	NA
chr5:108745332-108745529	NA	NA	NA
chr5:110899142-110899466	AAATAGA	137 143	cf
chr5:114702060-114702318	AGATAAA,AGATAAG	100 106,71 77	ff,cf
chr5:122181042-122181338	NA	NA	NA
chr5:123987439-123987659	NA	NA	NA
chr5:127208271-127208489	NA	NA	NA
chr5:131762323-131762522	GAATAGA	178 184	cf
chr5:131802220-131802435	NA	NA	NA
chr5:132817805-132818021	NA	NA	NA
chr5:133891831-133892010	NA	NA	NA
chr5:133897598-133897895	NA	NA	NA
chr5:133984287-133984494	NA	NA	NA
chr5:134181610-134181850	NA	NA	NA
chr5:139088874-139089143	GAATAGA	113 119	cf
chr5:139104655-139104948	NA	NA	NA
chr5:140052365-140052458	GGATAAG	43 49	ff
chr5:142416806-142417012	NA	NA	NA
chr5:146771403-146771592	GAATAGA	79 85	cf
chr5:146863759-146863994	NA	NA	NA
chr5:148831835-148832032	NA	NA	NA
chr5:148961084-148961290	NA	NA	NA
chr5:149975387-149975603	NA	NA	NA
chr5:154033533-154033715	GAATAGA	51 57	cf
chr5:156934389-156934736	NA	NA	NA
chr5:159343302-159343404	NA	NA	NA
chr5:159687966-159688317	AGATAAG	179 185	ff
chr5:159894832-159895044	NA	NA	NA
chr5:163187521-163187856	AAATAGA	33 39	fr
chr5:166926782-166926913	NA	NA	NA
chr5:169578481-169578686	GAATAGA	113 119	cf
chr5:170016713-170016900	NA	NA	NA
chr5:171177533-171177826	NA	NA	NA
chr5:171537564-171537714	AGATAAG	118 124	ff
chr5:172222482-172222736	NA	NA	NA
chr5:172286370-172286482	NA	NA	NA
chr5:172386326-172386652	NA	NA	NA
chr5:176421930-176422098	GAATAGG	8 14	cf
chr5:176737831-176738081	AAATAGG	199 205	fr
chr5:176889321-176889539	NA	NA	NA
chr5:176924299-176924595	NA	NA	NA
chr5:180072339-180072708	NA	NA	NA
chr5:180650168-180650488	NA	NA	NA
chr6:2124634-2125029	AGATAAA	104 110	ff
chr6:2127908-2128110	NA	NA	NA
chr6:3813437-3813853	AAATAGC	160 166	fr
chr6:6687419-6687711	NA	NA	NA
chr6:7735338-7735514	NA	NA	NA
chr6:7975313-7975699	AAATAGC	330 336	fr
chr6:11609691-11609935	GGATAAG,AAATAGG	40 46,33 39	ff,fr
chr6:11609995-11610282	NA	NA	NA
chr6:11650580-11650774	NA	NA	NA
chr6:11938967-11939142	NA	NA	NA
chr6:12290256-12290688	GAATAGA	201 207	cf
chr6:12568001-12568155	NA	NA	NA
chr6:13335241-13335385	AGATAAG	99 105	ff
chr6:13395721-13395883	AGATAAG	71 77	ff
chr6:15551967-15552290	AGATAAA	211 217	ff
chr6:15922688-15923016	NA	NA	NA
chr6:16215723-16216013	AGATAAA	134 140	cf
chr6:30464249-30464579	GAATAGC	172 178	fr
chr6:30484039-30484528	AAATAGA	249 255	cf
chr6:30650324-30650609	NA	NA	NA
chr6:30711972-30712335	NA	NA	NA
chr6:30720289-30720486	NA	NA	NA
chr6:31527739-31527922	NA	NA	NA
chr6:31528123-31528476	AGATAAG	78 84	ff
chr6:31856677-31856856	NA	NA	NA
chr6:32090729-32090978	AAATAGC	125 131	fr
chr6:32361514-32361637	NA	NA	NA
chr6:33662216-33662515	NA	NA	NA
chr6:33665085-33665293	NA	NA	NA
chr6:33749269-33749543	NA	NA	NA
chr6:34241141-34241426	AGATAAG	128 134	ff
chr6:36099597-36099858	NA	NA	NA
chr6:36853623-36853798	NA	NA	NA
chr6:37282647-37282857	GGATAAG	198 204	ff
chr6:40511590-40511774	NA	NA	NA
chr6:43674528-43674725	NA	NA	NA
chr6:44026223-44026434	NA	NA	NA
chr6:44072459-44072755	NA	NA	NA
chr6:45645366-45645499	NA	NA	NA
chr6:52754625-52754740	NA	NA	NA
chr6:54156088-54156268	NA	NA	NA
chr6:56954598-56954775	NA	NA	NA
chr6:75917765-75917968	NA	NA	NA
chr6:76193325-76193568	AAATAGA,GAATAGC	30 36,184 190	fr,fr
chr6:86170468-86170659	NA	NA	NA
chr6:112193356-112193485	NA	NA	NA
chr6:112364992-112365178	NA	NA	NA
chr6:113252101-113252186	NA	NA	NA
chr6:113817445-113817598	AAATAGA	7 13	fr
chr6:119030504-119030782	NA	NA	NA
chr6:125622614-125623026	NA	NA	NA
chr6:130005096-130005397	NA	NA	NA
chr6:132272558-132272720	NA	NA	NA
chr6:132384548-132384673	NA	NA	NA
chr6:139349980-139350313	NA	NA	NA
chr6:144670867-144671100	GGATAAG	67 73	cf
chr6:146055904-146056254	NA	NA	NA
chr6:146864631-146864963	NA	NA	NA
chr6:148688661-148688896	NA	NA	NA
chr6:151325675-151325903	NA	NA	NA
chr6:151362004-151362262	NA	NA	NA
chr6:156488929-156489213	NA	NA	NA
chr6:157935992-157936389	NA	NA	NA
chr6:158447955-158448112	NA	NA	NA
chr6:158622002-158622210	NA	NA	NA
chr6:161355298-161355549	NA	NA	NA
chr6:163756858-163757065	NA	NA	NA
chr6:164159357-164159493	AAATAGA,CGATAAG	124 130,107 113	fr,cf
chr6:164518894-164519104	AGATAAA	32 38	cf
chr6:166853276-166853535	AGATAAA	140 146	ff
chr6:166901610-166901879	NA	NA	NA
chr6:167012027-167012273	GAATAGG	148 154	fr
chr6:167041472-167041900	NA	NA	NA
chr6:168053392-168053618	NA	NA	NA
chr6:168076847-168077144	AAATAGA	177 183	cf
chr6:168475751-168476013	NA	NA	NA
chr6:170747496-170747756	NA	NA	NA
chr7:195531-195703	NA	NA	NA
chr7:504751-505017	NA	NA	NA
chr7:644165-644344	NA	NA	NA
chr7:1088715-1088934	NA	NA	NA
chr7:1095653-1095833	NA	NA	NA
chr7:1576812-1577236	NA	NA	NA
chr7:1577726-1577954	NA	NA	NA
chr7:2439579-2439758	NA	NA	NA
chr7:2666485-2666683	NA	NA	NA
chr7:2681110-2681541	NA	NA	NA
chr7:2774603-2775167	NA	NA	NA
chr7:3228937-3229090	NA	NA	NA
chr7:4760850-4760998	NA	NA	NA
chr7:5594602-5594834	AGATAAG	174 180	ff
chr7:5614557-5614663	AGATAAG	66 72	ff
chr7:5635806-5635999	NA	NA	NA
chr7:5683024-5683232	NA	NA	NA
chr7:7606420-7606761	NA	NA	NA
chr7:10980023-10980340	NA	NA	NA
chr7:20259453-20259877	AGATAAG,GGATAAG	115 121,359 365	ff,cf
chr7:22473675-22473945	AGATAAG	117 123	ff
chr7:22484963-22485326	NA	NA	NA
chr7:24944494-24944749	NA	NA	NA
chr7:26457630-26457816	AGATAAG	104 110	ff
chr7:27153490-27153625	AGATAAG	69 75	ff
chr7:27208622-27208841	NA	NA	NA
chr7:27913710-27913951	NA	NA	NA
chr7:32768255-32768451	NA	NA	NA
chr7:33762028-33762136	NA	NA	NA
chr7:37394291-37394438	NA	NA	NA
chr7:43622751-43623001	NA	NA	NA
chr7:47521844-47522026	GAATAGA	49 55	cf
chr7:50564708-50565027	GAATAGA,GAATAGA	125 131,167 173	cf,cf
chr7:53187391-53187635	NA	NA	NA
chr7:73132458-73132827	NA	NA	NA
chr7:74058178-74058260	NA	NA	NA
chr7:75921491-75921801	NA	NA	NA
chr7:75988799-75988958	NA	NA	NA
chr7:75988999-75989298	GAATAGG	68 74	fr
chr7:94250099-94250440	NA	NA	NA
chr7:100034001-100034245	NA	NA	NA
chr7:100042096-100042337	NA	NA	NA
chr7:100042415-100042546	AGATAAG	92 98	ff
chr7:100426917-100427283	GAATAGA	141 147	cf
chr7:100463571-100463859	NA	NA	NA
chr7:100743567-100743803	NA	NA	NA
chr7:105128399-105128525	AGATAAG	93 99	ff
chr7:107641718-107642005	NA	NA	NA
chr7:116232603-116232811	AGATAAG	138 144	ff
chr7:116516975-116517226	AGATAAG,GAATAGA	92 98,148 154	ff,cf
chr7:120581999-120582225	CGATAAA,GGATAAA	9 15,120 126	cf,cf
chr7:129598485-129598820	AAATAGA	244 250	cf
chr7:131307959-131308237	AGATAAG,GAATAGA	167 173,31 37	ff,cf
chr7:132186629-132187133	NA	NA	NA
chr7:134851425-134851717	NA	NA	NA
chr7:136553288-136553569	NA	NA	NA
chr7:142422252-142422421	NA	NA	NA
chr7:143260438-143260546	GAATAGA	19 25	cf
chr7:145132234-145132406	NA	NA	NA
chr7:149700685-149700886	NA	NA	NA
chr7:150691671-150692000	NA	NA	NA
chr7:150786501-150786828	NA	NA	NA
chr7:151451296-151451482	NA	NA	NA
chr7:154116559-154116681	NA	NA	NA
chr7:155556962-155557078	NA	NA	NA
chr7:156720857-156721099	NA	NA	NA
chr7:158534419-158534621	NA	NA	NA
chr8:631011-631210	NA	NA	NA
chr8:1611069-1611233	NA	NA	NA
chr8:1694427-1694593	NA	NA	NA
chr8:1843213-1843364	NA	NA	NA
chr8:6645420-6645526	NA	NA	NA
chr8:8168081-8168387	NA	NA	NA
chr8:8749352-8749569	NA	NA	NA
chr8:8932675-8932841	NA	NA	NA
chr8:10448937-10449160	NA	NA	NA
chr8:10494169-10494355	GGATAAG	15 21	cf
chr8:10573534-10573956	NA	NA	NA
chr8:10587700-10587850	NA	NA	NA
chr8:10634873-10635109	AGATAAG	79 85	ff
chr8:11142248-11142367	NA	NA	NA
chr8:13134032-13134310	NA	NA	NA
chr8:13224212-13224466	NA	NA	NA
chr8:17519151-17519459	NA	NA	NA
chr8:21524763-21524951	NA	NA	NA
chr8:21674294-21674504	NA	NA	NA
chr8:23405437-23405573	NA	NA	NA
chr8:24507269-24507435	CGATAAG	50 56	ff
chr8:27532656-27532950	NA	NA	NA
chr8:29609971-29610218	NA	NA	NA
chr8:37656180-37656563	NA	NA	NA
chr8:37939589-37939711	AGATAAG	101 107	ff
chr8:38617422-38617529	NA	NA	NA
chr8:41185000-41185187	NA	NA	NA
chr8:42054657-42054824	NA	NA	NA
chr8:42270351-42270668	AGATAAG	180 186	ff
chr8:49343006-49343228	AAATAGA	33 39	cf
chr8:55065852-55066374	AGATAAG,AGATAAG	380 386,422 428	ff,cf
chr8:55367412-55367558	AAATAGA	137 143	fr
chr8:55437567-55437847	NA	NA	NA
chr8:56765839-56766069	NA	NA	NA
chr8:56777112-56777272	AGATAAA	72 78	ff
chr8:59571864-59572041	NA	NA	NA
chr8:61564480-61564742	NA	NA	NA
chr8:61822261-61822468	NA	NA	NA
chr8:61822476-61822668	NA	NA	NA
chr8:62626691-62626952	NA	NA	NA
chr8:62672329-62672600	NA	NA	NA
chr8:75179636-75179934	GAATAGA	53 59	cf
chr8:82451890-82452228	NA	NA	NA
chr8:89189991-89190129	NA	NA	NA
chr8:91658595-91658881	GGATAAG	238 244	cf
chr8:92267468-92267709	NA	NA	NA
chr8:93083798-93084084	NA	NA	NA
chr8:93107611-93107939	NA	NA	NA
chr8:93115537-93115909	AAATAGA	3 9	cf
chr8:102217393-102217623	NA	NA	NA
chr8:103801365-103801681	NA	NA	NA
chr8:103818883-103819106	NA	NA	NA
chr8:104091132-104091354	GAATAGA	102 108	cf
chr8:106334321-106334490	NA	NA	NA
chr8:107282320-107282583	NA	NA	NA
chr8:107447117-107447474	AGATAAG	180 186	ff
chr8:119560625-119560724	NA	NA	NA
chr8:124934374-124934686	AGATAAG	197 203	ff
chr8:125259228-125259441	NA	NA	NA
chr8:125384761-125384996	NA	NA	NA
chr8:128866438-128866672	NA	NA	NA
chr8:129033328-129033466	NA	NA	NA
chr8:129061325-129061581	NA	NA	NA
chr8:129065994-129066341	NA	NA	NA
chr8:132781954-132782168	AAATAGA	203 209	cf
chr8:134308838-134309008	NA	NA	NA
chr8:134552515-134552789	GAATAGA	61 67	cf
chr8:134666680-134666952	AGATAAG,CGATAAA	33 39,117 123	ff,cf
chr8:139635080-139635301	NA	NA	NA
chr8:141100608-141100800	NA	NA	NA
chr8:141743204-141743434	AGATAAA,GGATAAA	89 95,167 173	ff,ff
chr8:142032012-142032215	AGATAAG,AAATAGA	32 38,28 34	ff,fr
chr8:142036800-142037129	AGATAAG	171 177	ff
chr8:142097189-142097403	AGATAAG	36 42	cf
chr8:142318312-142318570	AAATAGC	101 107	cf
chr8:144018481-144018922	NA	NA	NA
chr8:144263677-144264047	NA	NA	NA
chr8:144363698-144364035	NA	NA	NA
chr8:146017850-146018042	NA	NA	NA
chr9:3936866-3937150	NA	NA	NA
chr9:4221812-4222061	NA	NA	NA
chr9:4299986-4300146	NA	NA	NA
chr9:4662414-4662623	NA	NA	NA
chr9:6557895-6558191	CGATAAG	114 120	cf
chr9:6566389-6566686	NA	NA	NA
chr9:16705306-16705568	GAATAGG	102 108	cf
chr9:33329299-33329465	NA	NA	NA
chr9:34458719-34458858	NA	NA	NA
chr9:35341702-35341898	NA	NA	NA
chr9:35604014-35604254	CGATAAA	128 134	cf
chr9:35914457-35914676	GAATAGA	150 156	cf
chr9:36151901-36152145	NA	NA	NA
chr9:38026044-38026390	NA	NA	NA
chr9:68412435-68412707	NA	NA	NA
chr9:68996779-68997003	AAATAGG	102 108	cf
chr9:79071263-79071475	AGATAAA	5 11	ff
chr9:84202585-84202895	NA	NA	NA
chr9:93799534-93799817	GAATAGA	152 158	cf
chr9:93956036-93956253	GAATAGA	56 62	cf
chr9:95861029-95861197	NA	NA	NA
chr9:95882221-95882476	NA	NA	NA
chr9:95891624-95891873	NA	NA	NA
chr9:96085963-96086127	NA	NA	NA
chr9:96214151-96214503	NA	NA	NA
chr9:96657062-96657185	NA	NA	NA
chr9:98638141-98638394	NA	NA	NA
chr9:100746639-100746838	NA	NA	NA
chr9:101946820-101947040	NA	NA	NA
chr9:102102747-102102871	NA	NA	NA
chr9:102583814-102584028	NA	NA	NA
chr9:110399847-110400209	AAATAGA	202 208	cf
chr9:111813517-111813595	NA	NA	NA
chr9:114937434-114937704	AGATAAG	140 146	ff
chr9:116246655-116246781	NA	NA	NA
chr9:116263632-116263879	GAATAGC	41 47	cf
chr9:123555579-123555858	NA	NA	NA
chr9:123697868-123698018	NA	NA	NA
chr9:124132023-124132215	NA	NA	NA
chr9:124487372-124487604	GGATAAA	138 144	cf
chr9:124894302-124894384	NA	NA	NA
chr9:125070277-125070507	NA	NA	NA
chr9:125094482-125094663	AGATAAG	151 157	ff
chr9:125578512-125578782	NA	NA	NA
chr9:127087430-127087622	NA	NA	NA
chr9:130532481-130532636	NA	NA	NA
chr9:130644971-130645223	NA	NA	NA
chr9:130768238-130768555	NA	NA	NA
chr9:131256779-131257040	NA	NA	NA
chr9:131320893-131321104	NA	NA	NA
chr9:132222623-132222935	NA	NA	NA
chr9:132459696-132459957	NA	NA	NA
chr9:132552588-132552849	AGATAAG	138 144	ff
chr9:133302474-133302664	NA	NA	NA
chr9:133556507-133556700	NA	NA	NA
chr9:134090456-134090678	NA	NA	NA
chr9:134113875-134114277	AAATAGA	249 255	fr
chr9:134206528-134207012	NA	NA	NA
chr9:135248102-135248402	NA	NA	NA
chr9:136009239-136009481	NA	NA	NA
chr9:136223244-136223419	NA	NA	NA
chr9:136821809-136822014	NA	NA	NA
chr9:137230452-137230798	NA	NA	NA
chr9:137348221-137348375	NA	NA	NA
chr9:138069429-138069686	NA	NA	NA
chr9:138635394-138635543	NA	NA	NA
chr9:138884564-138884737	NA	NA	NA
chr9:139001512-139001758	NA	NA	NA
chr9:139040139-139040324	NA	NA	NA
chr9:139116239-139116422	NA	NA	NA
chr9:139406136-139406616	NA	NA	NA
chr9:139424508-139424829	NA	NA	NA
chr9:139461539-139461660	NA	NA	NA
chr9:139508832-139509106	NA	NA	NA
chr9:139539205-139539720	NA	NA	NA
chr9:139539809-139540198	NA	NA	NA
chr9:139540659-139541199	NA	NA	NA
chr9:139543186-139543512	NA	NA	NA
chr9:139550004-139550387	NA	NA	NA
chr9:139550405-139550777	NA	NA	NA
chr9:139557213-139557370	NA	NA	NA
chr9:139608939-139609324	GAATAGG	107 113	cf
chr9:139615792-139615992	NA	NA	NA
chr9:140001455-140001630	NA	NA	NA
chr9:140135138-140135417	NA	NA	NA
chr9:140215288-140215427	NA	NA	NA
chr9:140215442-140215702	NA	NA	NA
